epoch,train_loss,train_metrics,val_loss,val_metrics
1,226.7158203125,0.24485631277011563,26.352354049682617,0.6286616462111123
